timestamp,test_type,environmental_condition,user_id,granted,rejection_reason,t_ear_edge_ms,t_edge_total_ms,t_network_rtt_ms,t_lbp_ms,t_fft_ms,t_arcface_ms,t_chroma_ms,t_sqlite_ms,t_backend_total_ms,t_total_end2end_ms,ear_open,ear_blink,lbp_entropy,lbp_threshold,lbp_variance,liveness_score,cosine_distance,match_threshold,bc_tx_hash,bc_gas_used,bc_block_number,bc_seal_time_ms
2026-09-27 17:38:10,LIVE_USER,NORMAL,admin,True,NONE_GRANTED,6.3,8.3,0.0,11.99,0.0,244.81,1.61,212.92,486.9,495.2,0.2295,0.0542,3.7427,3.716,0.0021,0.6734,0.3932,0.6,256aa84704d5094d2dfb2b3e45b48b76203236b2978d7ad302d84c5c18ccb5ae,247515,1318,36.49
2026-09-27 17:38:17,LIVE_USER,NORMAL,admin,True,NONE_GRANTED,5.02,7.02,0.0,11.45,0.0,234.61,1.55,210.71,472.92,479.94,0.2746,0.1577,3.7531,3.716,0.002,0.6824,0.5446,0.6,0a2010757efb8c147e90676a830a905e31f0fa492cb3f272f7eb020e46eda72c,247515,1319,38.07
2026-09-27 17:40:17,IMPOSTOR_LIVE,NORMAL,UNKNOWN,False,SPOOFING_DETECTED,4.75,6.75,0.0,12.88,0.83,0.0,0.0,209.58,238.65,245.4,0.2601,0.2076,3.7935,3.716,0.002,0.7734,0.0,0.6,6469823672e740209c55e49e88688b05b1f2b124b5186eb96d77485588d26cee,187419,1320,39.42
2026-09-27 17:40:22,IMPOSTOR_LIVE,NORMAL,admin,False,UNKNOWN_FACE_OR_NO_MATCH,4.41,6.41,0.0,13.44,0.74,230.35,2.14,210.24,470.19,476.6,0.3145,0.1478,3.7612,3.716,0.0022,0.7533,0.7438,0.6,f0bbd32130d1200b8f569c1a4de7a8f6b88163b6ddf017855674fadd308b0bc8,207319,1321,36.95
2026-09-27 17:40:28,IMPOSTOR_LIVE,NORMAL,UNKNOWN,False,SPOOFING_DETECTED,4.61,6.61,0.0,11.01,0.72,0.0,0.0,208.62,233.84,240.45,0.2784,0.1062,3.6795,3.716,0.0024,0.5272,0.0,0.6,cab72265931313db7dab3e4983b7490600474b91cc8744fb596cf8dced10b513,187419,1322,33.38
2026-09-27 17:40:35,IMPOSTOR_LIVE,NORMAL,admin,False,UNKNOWN_FACE_OR_NO_MATCH,4.66,6.66,0.0,14.47,0.75,234.52,1.64,210.25,474.68,481.34,0.2832,0.0711,3.7672,3.716,0.002,0.757,0.7387,0.6,727982a5ed9dc8b29f5071a4ddc46a2502cfdc9d8e82845a9f41780a6a9f93bc,207319,1323,36.62
2026-09-27 17:40:40,IMPOSTOR_LIVE,NORMAL,admin,False,UNKNOWN_FACE_OR_NO_MATCH,4.61,6.61,0.0,11.63,0.71,231.7,1.95,210.15,470.1,476.71,0.2971,0.0442,3.7558,3.716,0.002,0.7498,0.7603,0.6,8c11dc1cfaaa8547697dc9276a3874e103408dc2b80a243852d674c082362017,207319,1324,34.59
2026-09-27 17:40:48,IMPOSTOR_LIVE,NORMAL,UNKNOWN,False,SPOOFING_DETECTED,4.77,6.77,0.0,11.24,0.73,0.0,0.0,209.65,233.65,240.42,0.3277,0.1797,3.7683,3.716,0.002,0.7577,0.0,0.6,9a020d6643c38ff7ef2911a4504f181dcd6d7b0bd07a0022f91653c7758f7c60,187419,1325,41.24
2026-09-27 17:40:54,IMPOSTOR_LIVE,NORMAL,UNKNOWN,False,SPOOFING_DETECTED,4.91,6.91,0.0,12.09,0.76,0.0,0.0,210.21,234.89,241.8,0.2853,0.0241,3.7703,3.716,0.0021,0.759,0.0,0.6,3b3ddbf962c7255f7c53273654920d7120ebddb030bc2b3ca5db70ddc3ad6175,187419,1326,37.13
2026-09-27 17:40:58,IMPOSTOR_LIVE,NORMAL,UNKNOWN,False,SPOOFING_DETECTED,5.19,7.19,0.0,12.29,0.72,0.0,0.0,209.36,233.92,241.11,0.2916,0.0248,3.7681,3.716,0.0021,0.7576,0.0,0.6,4321dc9850bfca1c5b6fbef5441783d2a63cc38391e9c4e978d08bbde3f6b2c9,187419,1327,36.31
2026-09-27 17:41:03,IMPOSTOR_LIVE,NORMAL,UNKNOWN,False,SPOOFING_DETECTED,5.33,7.33,0.0,11.25,0.78,0.0,0.0,209.58,233.16,240.49,0.2738,0.0266,3.7699,3.716,0.0021,0.7587,0.0,0.6,30db4168a459684eb4723a44482f82536da4d602c4dc074cbab323002a210c9b,187419,1328,39.09
2026-09-27 17:41:07,IMPOSTOR_LIVE,NORMAL,UNKNOWN,False,SPOOFING_DETECTED,4.77,6.77,0.0,11.24,0.73,0.0,0.0,210.22,234.3,241.07,0.2927,0.0259,3.7759,3.716,0.002,0.7624,0.0,0.6,5772344d519ba40f2a7dec4a460a94997946b0f1d9a7af5b0085540c55903048,187419,1329,37.54
2026-09-27 17:41:13,IMPOSTOR_LIVE,NORMAL,admin,False,UNKNOWN_FACE_OR_NO_MATCH,4.44,6.44,0.0,10.86,0.72,228.47,1.51,209.16,465.06,471.5,0.2685,0.0256,3.762,3.716,0.0021,0.7538,0.7222,0.6,71ceaff28a21cadfff5c4f80c7ae686ad904ec13e924b1f15e9d9a01cb71456b,207319,1330,35.87
2026-09-27 17:41:18,IMPOSTOR_LIVE,NORMAL,UNKNOWN,False,SPOOFING_DETECTED,4.79,6.79,0.0,11.52,0.79,0.0,0.0,209.39,234.28,241.07,0.2979,0.0194,3.7781,3.716,0.002,0.7638,0.0,0.6,035298e691e18871f9113da669815d2bc48a5713f47d11c0b815efbf29bef93d,187419,1331,34.32
2026-09-27 17:41:22,IMPOSTOR_LIVE,NORMAL,UNKNOWN,False,SPOOFING_DETECTED,4.97,6.97,0.0,13.37,0.78,0.0,0.0,214.8,243.71,250.68,0.2726,0.1286,3.783,3.716,0.002,0.7669,0.0,0.6,e6463134a6ee827afa499be660b0cba33f1cb16ade9290d6351aa2a8f3e0dac9,187419,1332,43.6
2026-09-27 17:41:27,IMPOSTOR_LIVE,NORMAL,UNKNOWN,False,SPOOFING_DETECTED,4.52,6.52,0.0,11.55,0.72,0.0,0.0,209.46,233.27,239.79,0.3185,0.0909,3.7947,3.716,0.0019,0.7742,0.0,0.6,79f54f08cfb41046c128c2f2fbe0a47ac75813ba1e8be88468ac5ed40f581242,187419,1333,33.95
2026-09-27 17:41:31,IMPOSTOR_LIVE,NORMAL,admin,False,UNKNOWN_FACE_OR_NO_MATCH,4.93,6.93,0.0,14.13,0.72,226.42,1.49,209.21,464.75,471.68,0.2846,0.0714,3.763,3.716,0.0021,0.7544,0.8534,0.6,7c1e5e6f97526c8c4faf5d4d3db9fdee99ead74d1c58bc799765286281bbf551,207319,1334,36.5
2026-09-27 17:41:35,IMPOSTOR_LIVE,NORMAL,UNKNOWN,False,SPOOFING_DETECTED,4.4,6.4,0.0,12.1,0.74,0.0,0.0,208.59,233.86,240.26,0.3125,0.0674,3.7754,3.716,0.002,0.7621,0.0,0.6,bea62bbdd7e70249db5a31db15eaee1bb87fb380a55803ff11d6b82f6840567a,187419,1335,36.91
2026-09-27 17:41:40,IMPOSTOR_LIVE,NORMAL,admin,False,UNKNOWN_FACE_OR_NO_MATCH,4.79,6.79,0.0,11.9,0.75,237.26,1.96,209.16,474.34,481.13,0.2868,0.0595,3.7408,3.716,0.0022,0.7405,0.7215,0.6,d753781464296c8f9ff9f3cb8813d4a311bb38ce300274d87e481db1b5cf3a03,207319,1336,34.77
2026-09-27 17:41:45,IMPOSTOR_LIVE,NORMAL,admin,False,UNKNOWN_FACE_OR_NO_MATCH,4.78,6.78,0.0,12.19,0.84,232.14,1.47,208.92,468.81,475.59,0.3017,0.1043,3.7568,3.716,0.0021,0.7505,0.8174,0.6,8d955f357c1ccb41c949a9b8dc228b491c9f1e7a0d296ca5031c7d94988088d9,207319,1337,37.16
2026-09-27 17:41:51,IMPOSTOR_LIVE,NORMAL,UNKNOWN,False,SPOOFING_DETECTED,4.83,6.83,0.0,13.59,1.07,0.0,0.0,210.03,237.55,244.38,0.2982,0.0948,3.7729,3.716,0.0019,0.7606,0.0,0.6,9aaf9dbebc2ab9abb0be64a03715b508554a86dbbf105058abcb9fbe892c7853,187419,1338,36.3
2026-09-27 17:41:56,IMPOSTOR_LIVE,NORMAL,admin,False,UNKNOWN_FACE_OR_NO_MATCH,4.59,6.59,0.0,12.09,0.74,233.08,1.47,209.22,471.32,477.91,0.312,0.0133,3.7572,3.716,0.0021,0.7508,0.7717,0.6,10243bce41802a70fb2257e6aaf6e4a81f49d6ee499560d81ae5644ffbf3f7d6,207319,1339,34.83
2026-09-27 17:42:02,IMPOSTOR_LIVE,NORMAL,UNKNOWN,False,SPOOFING_DETECTED,6.1,8.1,0.0,11.45,0.73,0.0,0.0,210.98,234.59,242.69,0.2794,0.0544,3.7683,3.716,0.0021,0.7577,0.0,0.6,45718d2a1de7a978f233020d580535d9689577a8ab9974698bd5249c9361302e,187419,1340,35.23
2026-09-27 17:42:07,IMPOSTOR_LIVE,NORMAL,UNKNOWN,False,SPOOFING_DETECTED,4.96,6.96,0.0,11.8,0.75,0.0,0.0,209.33,235.42,242.38,0.2968,0.0558,3.7696,3.716,0.002,0.7585,0.0,0.6,b5648629f861782d9569159375be227eef94c186403488699ca40bff924c44e3,187419,1341,36.01
2026-09-27 17:42:12,IMPOSTOR_LIVE,NORMAL,UNKNOWN,False,SPOOFING_DETECTED,4.73,6.73,0.0,11.2,0.73,0.0,0.0,209.13,233.63,240.36,0.2857,0.149,3.6852,3.716,0.0024,0.5308,0.0,0.6,6c94a969943be39155b220767f154e1feaba20f1ea2791ed5edb9768bb699129,187419,1342,35.56
2026-09-27 17:42:19,IMPOSTOR_LIVE,NORMAL,UNKNOWN,False,SPOOFING_DETECTED,5.29,7.29,0.0,11.45,0.87,0.0,0.0,209.19,234.29,241.58,0.2801,0.051,3.7723,3.716,0.002,0.7602,0.0,0.6,32b0b71f5727a607451fff8be953cc2e7620ea274cb6bf08c03ff3e8d7e3e3e3,187419,1343,37.16
2026-09-27 17:42:29,IMPOSTOR_LIVE,NORMAL,admin,False,UNKNOWN_FACE_OR_NO_MATCH,5.84,7.84,0.0,11.52,0.74,229.25,2.26,209.66,469.17,477.01,0.2688,0.0322,3.7617,3.716,0.0021,0.7536,0.7628,0.6,15aa86564581e31c923d3509e68856bb6015e485b24b7db704354ddd10b8683a,207319,1344,36.35
2026-09-27 17:42:33,IMPOSTOR_LIVE,NORMAL,admin,False,UNKNOWN_FACE_OR_NO_MATCH,4.96,6.96,0.0,12.23,0.73,233.52,1.56,209.83,471.05,478.01,0.3458,0.1201,3.763,3.716,0.0022,0.7544,0.7005,0.6,4e42d52b6deacccf821f3b631d041bdbf363013dc8deb6f5b1ae01a51b4c7bb2,207319,1345,41.33
2026-09-27 17:42:38,IMPOSTOR_LIVE,NORMAL,UNKNOWN,False,SPOOFING_DETECTED,5.97,7.97,0.0,11.63,0.75,0.0,0.0,209.99,234.46,242.43,0.3271,0.0531,3.7858,3.716,0.0021,0.7687,0.0,0.6,cf22193ef17782b5da2584475973f918df79f56254904fce186de93b91e50196,187419,1346,36.44
2026-09-27 17:42:43,IMPOSTOR_LIVE,NORMAL,UNKNOWN,False,SPOOFING_DETECTED,4.56,6.56,0.0,11.64,0.77,0.0,0.0,209.3,233.3,239.86,0.2764,0.1742,3.8032,3.716,0.0019,0.7795,0.0,0.6,2bd4c2745ef2100e6bf59c70752c6ab4628b6e5622f24338245ae425c710c04d,187419,1347,35.34
2026-09-27 17:42:47,IMPOSTOR_LIVE,NORMAL,UNKNOWN,False,SPOOFING_DETECTED,4.34,6.34,0.0,11.68,0.78,0.0,0.0,209.42,234.05,240.39,0.3061,0.1808,3.7858,3.716,0.002,0.7686,0.0,0.6,fdacfb67c7624511219a5d803da53ee62f3842802b37f57401f2dfeb68363d88,187419,1348,36.67
2026-09-27 17:42:55,IMPOSTOR_LIVE,NORMAL,UNKNOWN,False,SPOOFING_DETECTED,5.7,7.7,0.0,11.86,0.73,0.0,0.0,209.27,234.63,242.33,0.3165,0.0277,3.7867,3.716,0.002,0.7692,0.0,0.6,08ac24fe391c626654d68d3a9229317bae5f9d9bc04cdb96125ff9111ccdb647,187419,1349,37.15
2026-09-27 17:43:01,IMPOSTOR_LIVE,NORMAL,admin,False,UNKNOWN_FACE_OR_NO_MATCH,4.95,6.95,0.0,11.72,0.71,236.81,1.64,209.49,475.16,482.11,0.288,0.0709,3.765,3.716,0.0021,0.7556,0.8102,0.6,23b7a7da5555a1acf21e202bdac554a8a9542ae606c11234bd3750e5dc9f46bd,207319,1350,36.86
2026-09-27 17:43:10,IMPOSTOR_LIVE,NORMAL,UNKNOWN,False,SPOOFING_DETECTED,4.65,6.65,0.0,12.24,0.72,0.0,0.0,209.59,235.14,241.79,0.2517,0.1316,3.6251,3.716,0.0027,0.4932,0.0,0.6,ca031de52e1af239faefb2fbbfd764dcda525a0f892ef6420b70d85587429e42,187419,1351,38.17
2026-09-27 17:43:15,IMPOSTOR_LIVE,NORMAL,UNKNOWN,False,SPOOFING_DETECTED,4.75,6.75,0.0,11.32,0.72,0.0,0.0,209.14,235.56,242.31,0.2837,0.2228,3.7865,3.716,0.0021,0.769,0.0,0.6,76c60111beb9dde33d886dec55a63f4fcf08bd7ddb9c57d890e7fff1d913770c,187419,1352,36.44
2026-09-27 17:43:20,IMPOSTOR_LIVE,NORMAL,UNKNOWN,False,SPOOFING_DETECTED,5.0,7.0,0.0,12.44,0.73,0.0,0.0,208.89,233.58,240.58,0.2843,0.0488,3.772,3.716,0.002,0.76,0.0,0.6,30ee20fbb25cce313417811512c29d091fa12b18224d7dcc44e580d0225d1df5,187419,1353,32.87
2026-09-27 17:43:27,IMPOSTOR_LIVE,NORMAL,UNKNOWN,False,SPOOFING_DETECTED,4.81,6.81,0.0,11.26,0.74,0.0,0.0,209.48,234.35,241.16,0.2701,0.0457,3.775,3.716,0.0021,0.7619,0.0,0.6,47cd32168423f4f3a59ed953d80f5e5ac7a84c79d274ed9f8612ac905c8b577a,187419,1354,33.26
2026-09-27 17:43:34,IMPOSTOR_LIVE,NORMAL,admin,False,UNKNOWN_FACE_OR_NO_MATCH,4.51,6.51,0.0,11.13,0.74,241.02,1.58,210.0,477.88,484.39,0.2938,0.0504,3.7575,3.716,0.0023,0.751,0.7143,0.6,9f385bbb305d7a6a0c4b09a06825836a782b674c1f4edcf2af1ad3a5d6b17dc4,207319,1355,35.12
2026-09-27 17:43:42,IMPOSTOR_LIVE,NORMAL,UNKNOWN,False,SPOOFING_DETECTED,4.61,6.61,0.0,12.28,0.78,0.0,0.0,209.2,234.2,240.81,0.2903,0.059,3.7893,3.716,0.0021,0.7708,0.0,0.6,526107571df244b664e937ce8bf5c2d2c34ef2ee2888bb14a2f02deaa710e4ea,187419,1356,36.26
2026-09-27 17:43:47,IMPOSTOR_LIVE,NORMAL,UNKNOWN,False,SPOOFING_DETECTED,4.4,6.4,0.0,11.51,1.21,0.0,0.0,209.15,234.66,241.06,0.3085,0.1551,3.7744,3.716,0.002,0.7615,0.0,0.6,cc69528496bbfc0ad2a8efdcfed305ac45efb2f634ef5caec62b52d4e7d032ca,187419,1357,36.95
2026-09-27 17:43:56,IMPOSTOR_LIVE,NORMAL,admin,False,UNKNOWN_FACE_OR_NO_MATCH,5.03,7.03,0.0,14.38,0.74,244.13,1.46,208.69,485.25,492.28,0.3245,0.0907,3.7378,3.716,0.0023,0.7386,0.6894,0.6,52f3f80c8e0b27d10b5ab55b8b85a325dcabfd74cc642d869a7a0daae614b2fc,207319,1358,36.86
2026-09-27 17:44:00,IMPOSTOR_LIVE,NORMAL,admin,False,UNKNOWN_FACE_OR_NO_MATCH,4.9,6.9,0.0,11.61,0.98,227.68,1.99,209.41,467.03,473.93,0.2613,0.0382,3.7654,3.716,0.0022,0.7559,0.7584,0.6,461d3dae7c619d8553b96acff792131ecf51f75f98e674a8594f86031b5431a4,207319,1359,36.06
2026-09-27 17:44:04,IMPOSTOR_LIVE,NORMAL,UNKNOWN,False,SPOOFING_DETECTED,4.54,6.54,0.0,11.97,1.1,0.0,0.0,209.49,235.84,242.38,0.3104,0.2394,3.7839,3.716,0.002,0.7674,0.0,0.6,6a84106df43bcb167cdbe2628927007662a04be2c4954be77dacada1277345ad,187419,1360,35.01
2026-09-27 17:44:09,IMPOSTOR_LIVE,NORMAL,UNKNOWN,False,SPOOFING_DETECTED,5.04,7.04,0.0,12.04,0.75,0.0,0.0,210.89,237.94,244.98,0.3205,0.035,3.7397,3.716,0.0022,0.5648,0.0,0.6,7a48e129a9521e01c16ae479064535837f508f5cad53c7ec9403fb2f6d6f7e91,187419,1361,36.94
2026-09-27 17:44:16,IMPOSTOR_LIVE,NORMAL,admin,False,UNKNOWN_FACE_OR_NO_MATCH,4.39,6.39,0.0,11.35,0.71,220.87,1.45,209.38,456.69,463.08,0.2833,0.2384,3.7291,3.716,0.0025,0.7332,0.8586,0.6,38e157fb0c24763959e76a45c02c3096ed0fc2e390bfb4c0760a96dfd7b0cadb,207319,1362,33.71
2026-09-27 17:44:20,IMPOSTOR_LIVE,NORMAL,UNKNOWN,False,SPOOFING_DETECTED,4.94,6.94,0.0,11.0,0.72,0.0,0.0,209.21,232.09,239.03,0.33,0.2107,3.7767,3.716,0.0021,0.763,0.0,0.6,aacc4f20b5609188645d9339d29fe3e74f6b59acfe7ba69ef4bed891d86215b8,187419,1363,33.95
2026-09-27 17:44:27,IMPOSTOR_LIVE,NORMAL,admin,False,UNKNOWN_FACE_OR_NO_MATCH,4.99,6.99,0.0,11.36,0.83,228.66,1.48,210.0,465.24,472.23,0.2945,0.0372,3.7578,3.716,0.0021,0.7511,0.6601,0.6,18676d83530d92aa34a23241e15daed943bd9c43165969f23d17feb47f4c5832,207319,1364,32.5
2026-09-27 17:44:33,IMPOSTOR_LIVE,NORMAL,admin,False,UNKNOWN_FACE_OR_NO_MATCH,6.12,8.12,0.0,11.14,0.71,223.9,1.41,209.43,459.67,467.79,0.2985,0.2387,3.7622,3.716,0.002,0.7538,0.8025,0.6,f7eede78b889382d69a3c0eb5ebd0d7ddc3fe21695b5c83381981a5e3bec6c1f,207319,1365,33.41
2026-09-27 17:44:39,IMPOSTOR_LIVE,NORMAL,UNKNOWN,False,SPOOFING_DETECTED,4.48,6.48,0.0,12.85,0.74,0.0,0.0,208.87,234.97,241.45,0.2931,0.0781,3.774,3.716,0.002,0.7612,0.0,0.6,8f2654f778939193c0a57a610de9a3c0d0bf60016d57cc2d66d2668c9759dc3c,187419,1366,33.97
2026-09-27 17:44:47,IMPOSTOR_LIVE,NORMAL,UNKNOWN,False,SPOOFING_DETECTED,4.63,6.63,0.0,11.99,0.72,0.0,0.0,209.95,234.13,240.76,0.2901,0.0366,3.7701,3.716,0.002,0.7588,0.0,0.6,fb6ffc391d66ac5434d960e264c6bcffd85ce77c34cd6784ee419a102dcaeb2e,187419,1367,34.33
2026-09-27 17:44:56,IMPOSTOR_LIVE,NORMAL,admin,False,UNKNOWN_FACE_OR_NO_MATCH,4.86,6.86,0.0,14.41,0.75,255.79,2.83,216.92,504.8,511.66,0.2992,0.1056,3.7533,3.716,0.0021,0.7484,0.7382,0.6,2b478b5d9bd91ca46d1ad64d53039b41a544a96dc0f0408c6bd03429c8095097,207319,1368,35.22
2026-09-27 17:45:01,IMPOSTOR_LIVE,NORMAL,UNKNOWN,False,SPOOFING_DETECTED,4.91,6.91,0.0,15.87,0.91,0.0,0.0,212.98,244.29,251.2,0.2901,0.0432,3.7813,3.716,0.002,0.7658,0.0,0.6,be9d29b27ab9c2e2b85f4bd4648558d672dea12aa6d2f60dac0026c74145d56c,187419,1369,39.7
2026-09-27 17:45:10,IMPOSTOR_LIVE,NORMAL,admin,False,UNKNOWN_FACE_OR_NO_MATCH,5.69,7.69,0.0,13.09,0.76,279.05,1.51,217.19,527.75,535.44,0.2849,0.0547,3.76,3.716,0.0021,0.7525,0.7646,0.6,0490dce55192f5a11b4f53f802d066753d17292b8bf926f0cffd49d53bcf369e,207319,1370,41.28
2026-09-27 17:45:15,IMPOSTOR_LIVE,NORMAL,admin,False,UNKNOWN_FACE_OR_NO_MATCH,5.53,7.53,0.0,15.75,0.78,283.76,1.6,215.42,532.79,540.32,0.3021,0.0607,3.7644,3.716,0.0021,0.7552,0.8029,0.6,0eb8b75f78d796bfcd4ad92e02502700688725edae0ae8bbdf2b95895577d4a2,207319,1371,41.99
2026-09-27 17:45:20,IMPOSTOR_LIVE,NORMAL,UNKNOWN,False,SPOOFING_DETECTED,6.15,8.15,0.0,12.69,0.8,0.0,0.0,210.51,237.71,245.86,0.3162,0.128,3.7739,3.716,0.002,0.7612,0.0,0.6,78526c535cfc3791ff1f1e8fc9db934c5996d208f76389c3654b5d171719e8e3,187419,1372,33.47
2026-09-27 17:45:24,IMPOSTOR_LIVE,NORMAL,admin,False,UNKNOWN_FACE_OR_NO_MATCH,4.94,6.94,0.0,11.37,0.89,241.26,1.65,211.98,481.1,488.04,0.2916,0.0431,3.7547,3.716,0.0021,0.7492,0.7215,0.6,06bf12616114bead64aeee8ad016972108ec8eebf9a595a175f5595847daafdf,207319,1373,35.31
2026-09-27 17:45:29,IMPOSTOR_LIVE,NORMAL,UNKNOWN,False,SPOOFING_DETECTED,4.7,6.7,0.0,12.11,0.72,0.0,0.0,210.88,234.93,241.63,0.2524,0.0216,3.7514,3.716,0.002,0.5721,0.0,0.6,ada367eea636e57dbe986f394358c8c9e6dfbfef921f6ae99930ec4e1255f5a5,187419,1374,37.02
2026-09-27 17:45:33,IMPOSTOR_LIVE,NORMAL,UNKNOWN,False,SPOOFING_DETECTED,6.53,8.53,0.0,11.85,0.72,0.0,0.0,213.67,237.85,246.38,0.3163,0.0297,3.7597,3.716,0.002,0.5773,0.0,0.6,9699ae01bbe72f87752141e961b415b5a1eed2725d55f334ccb9452c55bb1818,187419,1375,34.3
2026-09-27 17:45:39,IMPOSTOR_LIVE,NORMAL,UNKNOWN,False,SPOOFING_DETECTED,4.94,6.94,0.0,14.9,1.16,0.0,0.0,210.57,239.12,246.06,0.306,0.0558,3.7833,3.716,0.002,0.767,0.0,0.6,6c4a0de594ad46e4595dd74a93e3329ebf8b7a303735a2900254c111c49dab15,187419,1376,35.33
2026-09-27 17:45:47,IMPOSTOR_LIVE,NORMAL,UNKNOWN,False,SPOOFING_DETECTED,5.03,7.03,0.0,14.39,0.74,0.0,0.0,210.26,237.0,244.03,0.3266,0.1629,3.7869,3.716,0.0019,0.7694,0.0,0.6,eafeca35f41e9bf51eefc3bbf5925801a7df0243f265aa88d5ac044eb00b87be,187419,1377,31.18
2026-09-27 17:46:04,IMPOSTOR_LIVE,NORMAL,UNKNOWN,False,SPOOFING_DETECTED,4.35,6.35,0.0,11.41,0.73,0.0,0.0,210.01,235.87,242.22,0.3186,0.1919,3.7687,3.716,0.0021,0.758,0.0,0.6,3eb02e26a913525354a3efe59f02a86cf8c6930efc9c398041637f788c623ee7,187419,1378,37.13
2026-09-27 17:46:19,IMPOSTOR_LIVE,NORMAL,admin,False,UNKNOWN_FACE_OR_NO_MATCH,4.95,6.95,0.0,11.5,0.92,225.91,2.03,208.98,462.75,469.7,0.3045,0.0338,3.7665,3.716,0.0021,0.7566,0.7039,0.6,b9a08dc9ce3b149ef525fb7a0f3d7c99ce81c7aba69fcdb056cdd4f87e2a9273,207319,1379,36.33
2026-09-27 17:46:26,IMPOSTOR_LIVE,NORMAL,admin,False,UNKNOWN_FACE_OR_NO_MATCH,4.45,6.45,0.0,12.05,0.72,235.53,2.08,211.71,475.56,482.01,0.2768,0.0514,3.7354,3.716,0.0022,0.7371,0.7492,0.6,0da1c38e00c3282dc10e02f741d072cf0493c87d903447e436366cd6839ec59e,207319,1380,35.47
2026-09-27 18:02:45,IMPOSTOR_LIVE,NORMAL,admin,False,UNKNOWN_FACE_OR_NO_MATCH,4.7,6.7,0.0,14.23,0.76,2973.65,49.78,211.83,3283.6,3290.3,0.32,0.0393,3.7606,3.716,0.0022,0.7529,0.7691,0.6,1f8f06a11b49653fa11e335db1af4f9e85848f319c7f68e6e68ff720b7bfa8b5,207319,1381,41.66
2026-09-27 18:02:48,IMPOSTOR_LIVE,NORMAL,24f0eee7-f336-4b9f-b199-df6d861fd014,False,UNKNOWN_FACE_OR_NO_MATCH,4.56,6.56,0.0,10.94,0.69,240.4,1.62,210.04,479.67,486.23,0.323,0.1588,3.7222,3.716,0.0022,0.7289,0.8373,0.6,c2a9a21561d29f0f348286c76f1980f847df2d2e83d1cdae21fb7be2d6ad2676,252489,1382,36.68
